name,surname,age,zip,bank,disease
Raffaele,Cammarata,56,16401,2228846875955708,covid-19
Lucia,Bertoli,17,16306,4043845508566782,niente
Patrizio,Spinola,80,16829,349324519971786,polmonite
Melina,Gremese,12,16492,4726379313596130761,polmonite
Mario,Merisi,55,16413,213143852746917,colera
Coluccio,Agazzi,96,16635,501846582333,colera
Franco,Parisi,87,16397,4139936716360459,ebola
Guarino,Palladio,81,16866,180044864425475,niente
Uberto,Jilani,51,16525,4797522319059,niente
Paoletta,Bacosi,26,16270,30375009850223,tifo
Maurizio,Fantoni,24,16861,6565951488086792,covid-19
Osvaldo,Rosselli,33,16512,4799090026571263218,tifo
Sante,Ceravolo,67,16254,3517412836017969,niente
Griselda,Berengario,38,16675,4506357022133974,polmonite
Allegra,Tuzzolino,14,16451,4599384882293,covid-19
Gianpietro,Tarchetti,13,16493,2378885755623828,polmonite
Lucio,Bongiorno,64,16356,180014250509299,malaria
Giacinto,Malipiero,66,16705,4961599180741,colera
Bernardo,Perozzo,33,16179,3562182623434420,ebola
Milena,Vezzali,64,16038,213154538061993,malaria
Simone,Zacchia,29,16248,3517843120691269,influenza
Gemma,Benussi,7,16529,4963225354195,polmonite
Gioffre,Tamburi,10,16214,3527322116133964,tifo
Fabio,Camuccini,72,16076,378881059009685,influenza
Tiziano,Platini,23,16826,6564901667867372,ebola
Adelmo,Caetani,95,16402,4102048106731407,ebola
Viridiana,Petrocelli,69,16758,345877026523469,ebola
Mariana,Peranda,73,16855,3522570282776579,niente
Liana,Accardo,53,16919,3560053835853925,influenza
Bettina,Gasperi,12,16161,4186584901226127,covid-19
Benvenuto,Tasca,16,16969,342284305696624,tifo
Patrizio,Cignaroli,44,16326,213107597359633,colera
Aria,Bossi,69,16590,4127266906768071767,tifo
Ignazio,Scandone,33,16886,349788399584168,tifo
Agostino,Mazzanti,41,16596,630436544740,polmonite
Lauretta,Badoglio,92,16560,180047150772443,niente
Ciro,Sanudo,19,16779,3524440555400489,influenza
Tiziana,Gilardoni,37,16308,2281702750049741,malaria
Cirillo,Priuli,87,16661,4009225876934,influenza
Osvaldo,Agazzi,23,16642,3546705009170159,covid-19
Alphons,Gabrieli,57,16255,30432136682720,influenza
Michela,Treccani,72,16943,213151592901023,ebola
Romeo,Cocci,69,16014,676336726135,ebola
Vincentio,Porcellato,74,16704,3564243880796493,tubercolosi
Fausto,Schiaparelli,31,16473,4742857688403292,niente
Raffaellino,Cuzzocrea,53,16846,6551544981864041,polmonite
Berenice,Pigafetta,66,16538,3532448215140759,covid-19
Alderano,Pisani,66,16844,060418375972,tubercolosi
Carolina,Oliboni,71,16639,060410294098,polmonite
Gianna,Murri,32,16575,3558694973536048,malaria
Virgilio,Comencini,42,16938,4858147390604001,ebola
Alderano,Tanzini,51,16659,5573367019584068,malaria
Alderano,Cesaroni,69,16856,2720585377570390,polmonite
Loredana,Cardano,67,16211,30139778306548,tubercolosi
Giuliana,Rossetti,42,16836,4010632538823246,niente
Bianca,Calgari,43,16736,3591483856210593,tifo
Licia,Andreotti,47,16388,341057634040974,niente
Toni,Fornaciari,12,16470,213172853116804,ebola
Tonia,Pisano,77,16781,4245117418114772,influenza
Victoria,Pellico,63,16825,4853814446420217159,ebola
Durante,Zarlino,50,16041,4677783468805,niente
Caterina,Serraglio,72,16704,4035168933776326,niente
Pietro,Bassi,33,16848,4982221646818001,ebola
Bianca,Zecchini,16,16795,30197402626541,colera
Fulvio,Tamborini,98,16319,4819684906640887,colera
Fiamma,Camanni,48,16311,38647819865423,tubercolosi
Girolamo,Pace,50,16519,4357090141525727,tifo
Temistocle,Venier,81,16851,5208860406376653,malaria
Gaspare,Pace,3,16747,3507572920327053,tifo
Giustino,Bragadin,45,16609,342209212861201,colera
Cirillo,Platini,4,16334,2598593159106366,colera
Alberico,Cusano,69,16396,4448533120239605,colera
Ornella,Strangio,41,16011,2349369439438990,tifo
Donato,Bevilacqua,86,16862,342849852648341,covid-19
Gioele,Luria,7,16776,6011441668013998,tubercolosi
Nadia,Rosmini,86,16879,6011873140701073,colera
Annibale,Barillaro,98,16417,4842655213792,polmonite
Riccardo,Juvara,37,16480,4808298349897,tubercolosi
Ignazio,Verri,14,16222,30061810382842,covid-19
Donna,Borroni,70,16436,2289566629344829,tubercolosi
Gioffre,Fiorucci,8,16001,4112000553508923593,ebola
Marta,Canil,82,16243,371126823198605,tifo
Pierluigi,Mercantini,4,16452,675946044376,polmonite
Emilio,Pavanello,74,16149,3545599271276369,colera
Giada,Andreotti,65,16185,4319152366644638414,covid-19
Melina,Corbo,58,16294,3517078931696864,covid-19
Donna,Costanzi,76,16220,4847040551671360,influenza
Martino,Iannotti,10,16316,180084359515851,colera
Nicolò,Verdone,49,16087,3582382951941097,tifo
Antonello,Tuzzolino,47,16891,180025070695159,tifo
Giampaolo,Finzi,72,16364,3570581970585751,influenza
Caterina,Tamborini,90,16302,675980599640,ebola
Alberico,Guidone,62,16488,4189985460441996362,colera
Veronica,Bonino,20,16591,6011341639844838,malaria
Caterina,Lancisi,61,16141,180068676793382,influenza
Baldassare,Gelli,85,16667,6593341084274768,malaria
Lorenzo,Fittipaldi,24,16612,3555607160930413,polmonite
Gianpaolo,Villarosa,54,16611,6011052374313778,malaria
Uberto,Almagià,32,16526,30452553460731,niente
Sonia,Parri,61,16019,676183701223,tifo
Ettore,Alfonsi,58,16259,4406833555866538,influenza
Rodolfo,Dandolo,48,16488,2720550149566811,malaria
Antonina,Juvara,66,16613,4646282290390,niente
Arturo,Speri,72,16316,180032887713423,polmonite
Camillo,Bova,79,16048,373497443479545,colera
Antonello,Ruggieri,1,16891,3537942008408717,malaria
Laureano,Ortese,38,16777,4406715130843696,ebola
Lando,Gualtieri,54,16043,502086650251,tifo
Costantino,Moresi,55,16512,30576085801879,influenza
Giosuè,Persico,33,16781,30140207133099,colera
Roberta,Manacorda,89,16145,377752116012775,malaria
Giulio,Filogamo,8,16544,3589178282572541,tifo
Marcantonio,Totino,95,16547,4981166777237795117,malaria
Gioacchino,Porcellato,27,16048,569137396127,niente
Giuliana,Maffei,9,16445,346683601565118,tubercolosi
Raimondo,Mantegazza,34,16932,3505517448575982,niente
Gilberto,Legnante,72,16446,4729749076944244025,polmonite
Alessandra,Surian,38,16021,3518922774165975,ebola
Marisa,Segrè,54,16218,3569031832005658,tifo
Arsenio,Tasca,38,16392,5317268760956409,influenza
Liliana,Cocci,34,16243,4344139308785390914,tubercolosi
Amanda,Bersani,51,16610,30197738424090,niente
Lara,Durante,55,16925,4000874194133211,polmonite
Antonello,Gentili,56,16288,676222606912,tubercolosi
Melina,Carocci,66,16402,180055545635902,tifo
Flavia,Vattimo,25,16223,6011862957702159,colera
Lando,Stefanelli,73,16184,4561268939789,polmonite
Flavia,Pedersoli,13,16472,180035674166481,ebola
Pasqual,Poerio,41,16906,3576470595502157,colera
Letizia,Abate,98,16471,6011646464742240,tifo
Letizia,Sinisi,39,16296,565799177060,ebola
Pier,Olivetti,3,16196,213156985916090,ebola
Agnolo,Spallanzani,1,16422,3500615592851731,covid-19
Flora,Amato,22,16116,4959072653822741593,malaria
Concetta,Frescobaldi,47,16157,3505835222826110,tubercolosi
Renzo,Giannelli,27,16973,3564688163512597,polmonite
Carmelo,Missoni,93,16277,180059429603986,colera
Chiara,Binaghi,63,16507,5266220687473589,polmonite
Bernardo,Littizzetto,84,16162,3573264390547753,polmonite
Luca,Jilani,82,16774,346611337964529,tubercolosi
Eleanora,Balbo,89,16149,4146795319092371665,tubercolosi
Sandra,Satriani,43,16593,564866514834,tubercolosi
Susanna,Luxardo,33,16295,4582064302566454,niente
Orlando,Grifeo,29,16749,6535449086277845,covid-19
Filippo,Ungaretti,3,16226,4842120879552289,influenza
Amalia,Tirabassi,89,16044,213187150141073,influenza
Gianfranco,Pugliese,92,16275,36039114858208,tifo
Adelmo,Costanzi,57,16783,4409650893735116378,ebola
Valerio,Sonnino,39,16516,4774477421265097,colera
Adamo,Nicoletti,68,16622,4482371049243738352,colera
Jolanda,Mantegna,29,16000,30326033890669,polmonite
Dionigi,Antonelli,35,16275,180038786847261,malaria
Alessandra,Cimini,27,16049,6585458539883231,tubercolosi
Barbara,Orengo,50,16148,2720046384788012,influenza
Nicola,Platini,33,16966,6011952063315580,malaria
Berenice,Peano,20,16613,4732707493325804331,niente
Luisa,Ariosto,33,16078,38757207734840,malaria
Greca,Rensi,10,16181,346285438189532,niente
Lorenzo,Andreozzi,74,16037,6536306379922488,covid-19
Danilo,Torlonia,29,16661,4269564196329430,ebola
Flavia,Caffarelli,18,16004,3595508311498486,covid-19
Elisa,Storladi,81,16060,4465496508806,covid-19
Lorenzo,Mondadori,63,16722,3526825934238402,covid-19
Renata,Capecchi,77,16900,3530383214271424,covid-19
Licia,Errigo,5,16160,2253040965203850,tubercolosi
Gioachino,Capuana,16,16642,38943569834036,malaria
Giorgia,Leblanc,94,16460,3555816297175517,tifo
Vincentio,Dovara,5,16692,30152952081555,polmonite
Leone,Paruta,86,16708,4369083354246,colera
Michele,Querini,91,16957,4442669211777965240,polmonite
Armando,Soranzo,59,16654,213162848465028,colera
Pietro,Barcaccia,18,16321,3552897593246569,malaria
Guarino,Battaglia,2,16741,4002188262085,polmonite
Benedetto,Veneziano,61,16171,3559512349527757,niente
Dino,Dallapé,51,16265,348526416449119,colera
Alphons,Malacarne,25,16542,2443603069480970,tifo
Guarino,Verdi,13,16873,675960130903,polmonite
Renata,Mimun,85,16286,30287772114739,tifo
Gian,Lamborghini,47,16827,2281708915733384,ebola
Nicoletta,Spinelli,90,16582,30019261787141,ebola
Arnulfo,Comolli,20,16980,4906410642022920232,tifo
Mirco,Cardano,76,16911,6011637942769434,influenza
Cirillo,Meucci,80,16136,30051243836142,ebola
Eleanora,Prati,80,16935,3517784374471950,covid-19
Giovanna,Montalcini,77,16140,4280143725347892279,niente
Alfio,Tornatore,99,16075,6011823241548873,tifo
Silvestro,Lombardo,97,16488,343498969545021,tifo
Elena,Franscini,29,16558,6011818064823569,ebola
Alessia,Babati,87,16121,4255854586688,malaria
Teresa,Castellitto,88,16420,3564199079611390,colera
Etta,Abatantuono,70,16075,4124488796548935673,ebola
Eraldo,Benedetti,33,16987,3528067277366007,colera
Guarino,Novaro,46,16549,2398473456203137,ebola
Puccio,Procacci,86,16850,4140278528562569,colera
Mattia,Farnese,25,16970,4757417138380612412,colera
Roman,Aporti,90,16189,502093044530,influenza
Ludovico,Surian,70,16920,4086880924584317409,colera
Piermaria,Rinaldi,50,16392,213122376543695,covid-19
Benedetto,Corbo,71,16409,4401203700287094,polmonite
Donatello,Ciampi,8,16808,4144873240639670478,influenza
Francesco,Ferragamo,64,16527,3565896004728574,niente
Marcella,Ramazzotti,36,16702,4178052650725999774,influenza
Stefani,Morosini,13,16470,30265781131415,niente
Orlando,Notarbartolo,66,16764,6524604731425487,malaria
Lisa,Mazzini,67,16652,2276751717060934,ebola
Giosuè,Tassoni,36,16238,3583611297122668,polmonite
Domenico,Pedersoli,68,16526,4067877454770761066,covid-19
Antonello,Rubbia,94,16018,374839975503359,niente
Claudio,Caboto,53,16960,4747659891475741607,tifo
Federigo,Pederiva,90,16613,2277123398512105,ebola
Ferdinando,Andreotti,90,16738,30323539572867,influenza
Eleanora,Vattimo,16,16019,3549021553148790,tifo
Fedele,Cortese,96,16796,4169496474156062181,ebola
Pierpaolo,Pagnotto,52,16849,4135692956056544360,niente
Ruggiero,Romano,98,16051,4798286524103267,tifo
Filippa,Gozzi,83,16436,30068331404427,tubercolosi
Ruggero,Ricciardi,26,16671,3586892290001359,malaria
Atenulf,Gianvecchio,38,16141,4709777805153,malaria
Evangelista,Scotto,92,16512,4036829014152195,covid-19
Lauretta,Grossi,84,16131,30053320424693,ebola
Ettore,Pareto,89,16044,502086339269,polmonite
Alessandra,Seddio,38,16599,4520636092309925,influenza
Fredo,Amaldi,64,16929,639098814226,covid-19
Ricciotti,Lattuada,37,16738,38877698296123,influenza
Benvenuto,Bova,83,16568,180070755432122,covid-19
Tatiana,Federico,23,16474,373519759735606,niente
Mirco,Sgalambro,92,16880,4482459622066808,influenza
Gianfrancesco,Sermonti,76,16446,4885763086253,polmonite
Paride,Dallara,14,16566,2263438948314141,malaria
Giulio,Bocca,67,16627,4219376274075364074,polmonite
Gianna,Bixio,10,16251,3537674070626815,colera
Gustavo,Bajamonti,19,16323,180047763639211,niente
Bettina,Ciampi,73,16984,4288706339513874129,ebola
Mario,Trevisan,96,16241,4460107944269867,influenza
Alessandra,Falloppio,21,16719,30111724129787,ebola
Umberto,Argentero,85,16392,2281900750038926,tubercolosi
Maurizio,Dovara,8,16288,5286291165275099,influenza
Filippo,Guarato,26,16780,4596991988794,covid-19
Melina,Zamengo,4,16627,5240601141224331,tubercolosi
Tiziano,Tosi,28,16515,30463490218793,covid-19
Cirillo,Papafava,56,16604,3541148720397345,ebola
Antonello,Guglielmi,85,16871,4818115812522,ebola
Silvestro,Ravaglioli,6,16590,4960421609068562,malaria
Ilaria,Mazzeo,83,16534,630412141529,polmonite
Olga,Cugia,37,16095,4406123548513300,malaria
Ruggero,Carnera,91,16800,30029832044195,tubercolosi
Giada,Barcaccia,62,16697,6524012864971550,covid-19
Ferdinando,Naccari,74,16719,581102899944,covid-19
Elladio,Giannotti,6,16639,2244531612845848,influenza
Vincenza,Spadafora,16,16630,2714701619905694,niente
Clelia,Pastine,67,16845,060432851792,tubercolosi
Sabatino,Fanucci,71,16159,30027285786171,covid-19
Viridiana,Battaglia,90,16641,4300209617335195897,niente
Lando,Verri,94,16150,4866725046825,polmonite
Elladio,Rossi,70,16106,676365415634,covid-19
Ronaldo,Biagi,52,16545,36947930640420,colera
Olga,Pincherle,60,16645,4366160874454332359,tifo
Lodovico,Eco,48,16628,4901611782551803405,ebola
Francesca,Nicolini,68,16046,4002203989375712,covid-19
Nino,Anichini,15,16221,676183872156,colera
Amalia,Druso,39,16308,4998389329827828703,niente
Iolanda,Bettoni,98,16464,180024801677420,tifo
Massimiliano,Binaghi,66,16880,3582620958884244,covid-19
Giuliano,Roncalli,76,16828,30165766584994,tubercolosi
Filippo,Finotto,2,16347,4353047122931,tubercolosi
Germana,Brunello,85,16600,4433277790829,influenza
Calcedonio,Leonetti,29,16530,4228349221632754,tifo
Tonino,Camanni,22,16063,2271779122585109,polmonite
Camilla,Monti,93,16068,4509781332164584,colera
Carolina,Balbi,1,16405,4566744427415667,colera
Tullio,Briccialdi,77,16838,349397659925937,niente
Antonina,Segrè,89,16066,4124229696532614140,influenza
Giuseppina,Columbo,89,16576,6011932571311990,malaria
Rolando,Gentileschi,95,16355,502096574525,polmonite
Emma,Perozzo,78,16436,180017208345583,influenza
Ornella,Loredan,40,16525,30322426796183,ebola
Giovanni,Chechi,7,16779,3574249216286222,polmonite
Dina,Babbo,74,16726,6011317512925100,ebola
Fedele,Dulbecco,67,16791,4734178025796318841,malaria
Antonina,Iannelli,26,16933,4662667777883916,ebola
Franco,Bernardi,66,16508,3529324343166955,influenza
Cipriano,Rocca,82,16401,6578922111000000,niente
Leonardo,Deledda,22,16115,30377723737025,covid-19
Ermenegildo,Rossi,31,16161,345382519216119,malaria
Guglielmo,Strangio,80,16543,2244231710362875,tifo
Virgilio,Oliboni,53,16315,4529623870679332,polmonite
Ottavio,Borsellino,86,16537,213155369816934,covid-19
Alessia,Mennea,31,16507,4986810561452,tifo
Gastone,Ziani,57,16462,563976058161,tifo
Sonia,Giovine,97,16596,180034713602234,tifo
Calcedonio,Cavalcanti,61,16158,4584235342224001,ebola
Alderano,Frescobaldi,97,16163,6521630037912574,ebola
Paolo,Carnera,84,16045,3500090393040365,covid-19
Donato,Agostini,4,16592,639040173036,covid-19
Sante,Gianetti,53,16804,38442121829675,ebola
Vittorio,Combi,37,16082,30228862645554,influenza
Marcantonio,Tommaseo,31,16500,4360190011400293,influenza
Gaspare,Pacetti,31,16806,676144994479,polmonite
Lauretta,Mazzini,83,16576,30302538435888,malaria
Ricciotti,Tarchetti,9,16582,4859236179069558,ebola
Nicoletta,Gritti,92,16632,675983507954,malaria
Anita,Mannoia,18,16002,2704601360394381,tifo
Stefano,Columbo,90,16211,4373193357669,covid-19
Bianca,Cicilia,76,16361,676386459066,polmonite
Paride,Niggli,54,16714,503878529794,malaria
Giuliano,Caccianemico,81,16575,213108161277169,tubercolosi
Ezio,Desio,92,16830,344760955250380,niente
Germana,Garzoni,26,16802,5463478006289323,tifo
Rosario,Bonino,52,16425,3577815242488805,influenza
Flora,Aloisio,56,16510,3574316355078205,malaria
Santino,Fabbri,6,16192,3514043398464621,malaria
Monica,Muti,9,16417,4415444951947352609,covid-19
Angelo,Puccini,9,16516,5211285415241224,tubercolosi
Priscilla,Venier,23,16542,2294047466863778,ebola
Piersanti,Lettiere,27,16208,3570632936539166,covid-19
Ornella,Castiglione,90,16967,3504388778361307,niente
Gloria,Spanevello,89,16613,180037630127813,tubercolosi
Fulvio,Marenzio,56,16723,502062650101,covid-19
Pierluigi,Lussu,85,16323,060462741335,malaria
Ricciotti,Ortolani,67,16528,348421735568577,covid-19
Saverio,Segrè,84,16717,4589357247932051018,tubercolosi
Venancio,Pizzo,42,16496,3562768236938821,tubercolosi
Amadeo,Mocenigo,40,16369,3546152351232354,influenza
Alessia,Curiel,76,16552,4434377055998,influenza
Fabrizio,Zola,76,16087,3592028496687798,polmonite
Gaetano,Giacconi,45,16976,3584821346466870,tifo
Baldassare,Fieramosca,85,16830,372533732644802,polmonite
Rosina,Chiappetta,63,16875,4311044813001,niente
Bartolomeo,Satta,32,16721,4377387876101138828,polmonite
Elisa,Dandolo,42,16463,2430117469561177,tubercolosi
Tiziana,Cafarchia,9,16193,676377046856,tifo
Victoria,Gussoni,13,16418,630425592965,niente
Dionigi,Pulci,75,16360,4291206469357035,ebola
Gioacchino,Barillaro,45,16155,6011885661957546,influenza
Pasquale,Alfieri,69,16331,5291478834522968,colera
Amedeo,Verri,59,16347,4392964094427890,influenza
Tatiana,Barese,20,16852,4586204068790144039,tubercolosi
Jacopo,Jilani,34,16193,3567942786168460,ebola
Adriana,Toscanini,94,16802,3574056983007107,malaria
Mariano,Saffi,79,16013,573358777049,tifo
Adele,Ginese,38,16791,6011997525139888,colera
Paola,Pulci,63,16588,4334799875575470,ebola
Osvaldo,Gadda,52,16216,379645325240302,tifo
Giacobbe,Baresi,53,16859,573283281430,malaria
Ludovico,Volterra,12,16593,30350871296748,tifo
Beppe,Anguillara,95,16953,3592228068289524,tubercolosi
Elisa,Pagnotto,85,16917,5289848300478339,polmonite
Concetta,Mazzi,73,16359,3552785497842650,tubercolosi
Iolanda,Stefanelli,17,16258,3564580785819924,colera
Tiziana,Turchi,90,16754,4510080009503,tubercolosi
Azeglio,Angeli,53,16859,2252029849042288,influenza
Michelangelo,Carfagna,95,16128,4727580094013138,polmonite
Gabriele,Pratesi,23,16177,3571393579845787,influenza
Morena,Duse,21,16876,213130917626093,ebola
Mattia,Parri,82,16743,30588082163856,polmonite
Cristina,Monte,36,16221,4087338930601903,covid-19
Giada,Filippini,24,16193,4579003772448,tubercolosi
Zaira,Volterra,68,16263,3523095058288632,ebola
Teresa,Papafava,17,16264,4470071253319390,polmonite
Galasso,Calgari,27,16385,4059126329749,malaria
Romeo,Zanichelli,67,16805,30470448295542,polmonite
Ludovico,Gottardi,98,16391,4105728202429082031,niente
Alessandro,Verdi,17,16396,4160893235160000881,ebola
Liberto,Barracco,28,16614,4334461725250027771,tubercolosi
Baldassare,Pacomio,65,16283,213176595610909,influenza
Giampaolo,Tafuri,98,16297,379616858967835,tifo
Matilda,Napolitano,61,16573,4850536460862,tifo
Pompeo,Rizzo,25,16819,4044870427555004,tifo
Nanni,Pace,46,16073,4911978905683675,niente
Lara,Salgari,43,16684,6528490967726293,polmonite
Alina,Crispi,11,16871,4631646017781348851,influenza
Serafina,Giannuzzi,16,16618,4758345715832684,niente
Romolo,Cibin,16,16208,676238375098,tifo
Greco,Manunta,46,16656,213175564741760,tifo
Ugo,Marinetti,41,16756,3557467089357836,tifo
Massimiliano,Stein,56,16429,060465714412,tifo
Vanessa,Riccati,9,16693,30450052685584,tubercolosi
Nico,Mozart,73,16161,4154025494767588,tifo
Patrizio,Mastroianni,46,16955,6571605945089946,polmonite
Nicola,Opizzi,71,16833,4765105429371218,tifo
Piergiuseppe,Zabarella,43,16058,4928048542139316,malaria
Amedeo,Zamengo,19,16721,3555334467752768,niente
Raffaello,Agazzi,98,16088,3588579786145901,tubercolosi
Lucrezia,Tosi,98,16609,4070250737343457,malaria
Maria,Riccati,17,16877,213149613716743,niente
Paride,Parini,67,16876,6544208434583497,malaria
Angelo,Bianchi,96,16625,4462545254750380,ebola
Stefani,Cilea,33,16662,4283268599167759,polmonite
Caterina,Pelli,6,16712,38592334028745,ebola
Eugenia,Trevisani,91,16102,180067671332659,covid-19
Giulietta,Gentili,82,16614,6505390136842384,polmonite
Ludovica,Verri,33,16058,4765760989376013,colera
Ivo,Paltrinieri,14,16326,6011865988958120,ebola
Severino,Bonatti,12,16097,6011055211592157,niente
Daniele,Pacelli,31,16754,4861981219473325835,colera
Antonino,Carriera,18,16298,6515728713752369,colera
Geronimo,Fabbri,15,16940,3524479965483636,malaria
Sylvia,Farnese,40,16814,36165379122251,tifo
Arsenio,Iannotti,72,16221,2654274069711584,tifo
Giustino,Anguillara,22,16554,3578805070152465,malaria
Tiziano,Morosini,81,16893,4112252378038,niente
Gioachino,Ramazzotti,99,16294,38931496724081,ebola
Luchino,Germano,52,16118,501802854874,polmonite
Pierpaolo,Ricci,73,16654,377093808487896,niente
Tina,Venditti,93,16848,30183183211133,influenza
Goffredo,Fabrizi,20,16284,4089098864015524,influenza
Edoardo,Berlusconi,17,16354,4831561654705431,malaria
Michelangelo,Fantoni,2,16759,374970704130055,malaria
Stefani,Meucci,2,16933,5423440955447780,tubercolosi
Guarino,Toso,20,16956,3543392972761547,niente
Eleanora,Bernetti,81,16663,6577003881729259,malaria
Lauretta,Farnese,56,16571,30441222253924,tubercolosi
Milena,Sagredo,95,16181,375660655821146,covid-19
Mattia,Valentino,83,16703,2707662947863923,influenza
Giacomo,Baracca,14,16473,4301002949741700,polmonite
Priscilla,Querini,73,16922,4855244791232442601,polmonite
Giuliana,Andreotti,10,16801,30182294943741,ebola
Jacopo,Venditti,70,16343,370841633598353,colera
Cassandra,Ritacca,4,16485,6011003712891967,polmonite
Ermenegildo,Sraffa,52,16651,6557380332527720,niente
Livia,Tarantini,32,16306,376658833314314,malaria
Gianfranco,Curatoli,94,16767,4868597108322114,niente
Ugolino,Offredi,78,16916,4311877611109650,colera
Marcella,Turati,13,16561,4363095793236087,tifo
Paride,Rubbia,30,16905,213110210518932,influenza
Gioele,Nicoletti,39,16046,2707313821061859,tubercolosi
Gustavo,Solimena,34,16996,4008848380282,tifo
Piergiorgio,Gozzi,39,16252,3583803175195763,covid-19
Adamo,Tosto,1,16639,3586201342634557,covid-19
Liana,Solari,81,16150,3578165010622790,ebola
Liliana,Dalla,47,16271,060409261942,covid-19
Amalia,Angeli,36,16350,676395531772,malaria
Margherita,Bettoni,34,16460,4787920867124380,malaria
Laura,Boldù,27,16694,4741938060253,tubercolosi
Ruggiero,Cardano,73,16601,4637261054719407,colera
Nanni,Angeli,38,16782,4210265665144153104,colera
Ernesto,Campise,45,16075,560469052115,niente
Greca,Paolucci,4,16990,4877502364302957,tubercolosi
Agostino,Pinamonte,14,16534,377202956752353,ebola
Calcedonio,Casarin,88,16098,180031190041027,tifo
Baldassare,Ceravolo,73,16418,6592207456753492,ebola
Biagio,Gabrieli,18,16927,180051841178804,influenza
Giuseppe,Ramazzotti,44,16442,30066085847734,polmonite
Renata,Bresciani,43,16245,4237677760773061887,covid-19
Nanni,Toso,11,16054,3560762520140170,ebola
Hugo,Montecchi,37,16531,4597710528606,tubercolosi
Nedda,Gabrieli,49,16952,3507455636308064,niente
Eliana,Cipolla,29,16445,4187468279931691,niente
Puccio,Pisani,76,16762,6011321953974056,tifo
Achille,Ferragni,54,16724,6536103913019529,niente
Claudia,Rosiello,21,16922,4159142080643217,tifo
Nedda,Zabarella,71,16542,676235112494,niente
Micheletto,Fantozzi,68,16389,4707784350429,covid-19
Lucio,Pederiva,14,16605,6011855900509754,covid-19
Giosuè,Petruzzi,71,16051,4926363601511,tubercolosi
Agnolo,Donini,14,16183,4405213865268658958,malaria
Raimondo,Pasolini,39,16599,6570809847354603,tifo
Lamberto,Panatta,24,16326,213132677041125,tubercolosi
Mattia,Boito,98,16765,4878605375151997,tubercolosi
Alessandra,Tognazzi,52,16344,3531703379309330,covid-19
Claudia,Cesarotti,9,16737,675999285967,ebola
Nicolò,Mantegna,79,16577,4289583989483,covid-19
Rita,Altera,50,16384,3512906582607191,niente
Annibale,Leopardi,80,16014,213106640103899,ebola
Margherita,Lamborghini,92,16320,4316114991969163,ebola
Vincenzo,Errani,63,16551,213184176896830,polmonite
Leopoldo,Giannotti,59,16359,675949889694,niente
Edoardo,Mazzi,82,16913,30308277153269,tifo
Girolamo,Roth,83,16682,345469001330928,tubercolosi
Niccolò,Gioberti,14,16805,30358979299670,niente
Rosario,Paolucci,13,16351,371477374475219,influenza
Tina,Bellini,35,16764,4227682927690876150,polmonite
Achille,Foa,51,16654,344263134604684,ebola
Liana,Montessori,84,16808,213125890757345,malaria
Sophia,Pepe,95,16186,3576030210069600,malaria
Guarino,Chiaramonte,55,16502,2280832240325020,polmonite
Veronica,Bettoni,27,16599,4466939664847166418,malaria
Edoardo,Camuccini,1,16128,378798037129411,niente
Vito,Farinelli,27,16939,576244608823,covid-19
Gustavo,Cugia,30,16353,30182151409117,tubercolosi
Pomponio,Golino,36,16664,3504834667174830,ebola
Vanessa,Albertini,35,16927,2222049564650906,niente
Ezio,Cibin,19,16539,6011965351261928,covid-19
Donatella,Carocci,33,16631,2364440788642415,tubercolosi
Lando,Ungaretti,61,16535,3583326340809134,colera
Chiara,Carnera,36,16760,4659290635222962244,tubercolosi
Enzio,Piazzi,59,16493,4043661592081133771,colera
Oreste,Alfieri,70,16258,30308325789890,niente
Rocco,Bocelli,15,16379,374544530412936,tubercolosi
Gino,Ceschi,69,16943,180035593606849,ebola
Rita,Taliercio,7,16368,347802877325267,tubercolosi
Orazio,Bartoli,44,16313,2701614296001601,polmonite
Roman,Zamorani,40,16438,676275628482,malaria
Orlando,Tuzzolino,60,16398,585791777261,colera
Torquato,Berrè,98,16419,379037011185977,tifo
Griselda,Zaguri,28,16929,3514911663406909,tifo
Sergius,Antonioni,46,16657,6553354165682559,tifo
Fiorino,Brenna,60,16594,2720441715876315,malaria
Ronaldo,Argentero,1,16179,639061798620,colera
Temistocle,Vasari,62,16478,30517738246294,tifo
Leone,Cavanna,16,16559,6528819803306664,influenza
Sandro,Golino,86,16285,4328095697791710,covid-19
Piergiorgio,Montesano,70,16191,676194267859,influenza
Caterina,Scamarcio,14,16554,3530962425976572,malaria
Aldo,Broschi,45,16748,3508494998109298,malaria
Adele,Scarpetta,13,16565,4185237757956552975,covid-19
Filippa,Piane,44,16247,6011904057505023,polmonite
Dolores,Gianvecchio,71,16815,180044386294169,colera
Marcantonio,Zecchini,1,16658,3503819572773751,ebola
Ubaldo,Canali,31,16808,4804121928924,colera
Rosario,Bresciani,44,16186,342381943502162,tifo
Mattia,Caccioppoli,64,16351,6508892630441156,niente
Elladio,Pontecorvo,75,16005,6011833645262757,polmonite
Marisa,Matteotti,94,16867,4622833576226372893,tubercolosi
Lolita,Petrassi,80,16548,4239422496809351521,niente
Laureano,Beccheria,15,16816,180028061166339,ebola
Vito,Ughi,40,16867,4035289291686,ebola
Jolanda,Babbo,21,16531,213197075183324,polmonite
Nino,Mondadori,63,16640,4700627221568,malaria
Enzo,Chiaramonte,64,16163,341744195190575,malaria
Eleanora,Columbo,80,16662,346265181024979,ebola
Alina,Delle,79,16849,4817697219514799,colera
Amleto,Marzorati,93,16198,2608370149603192,tubercolosi
Jacopo,Siffredi,41,16902,180090853257759,ebola
Eraldo,Ceschi,65,16224,30382833196765,covid-19
Eugenia,Canil,26,16482,346024771625020,tifo
Enzio,Camilleri,28,16129,4847496720986297,tifo
Erika,Curiel,3,16169,502063520238,colera
Ernesto,Pagliaro,64,16409,4323392610831402379,polmonite
Lando,Foa,1,16700,345637934553226,polmonite
Gelsomina,Geraci,95,16879,4046232035749800772,ebola
Romolo,Duodo,5,16232,4061009552506213,covid-19
Arsenio,Coardi,22,16215,341351528398063,tubercolosi
Donato,Pininfarina,76,16558,30586024992424,covid-19
Cipriano,Mazzacurati,4,16413,3578833380800136,covid-19
Serena,Dallapé,62,16582,3508329858839040,tubercolosi
Enzio,Maglio,45,16352,38079710592668,polmonite
Gaspare,Traetta,43,16791,5313438941198486,malaria
Leonardo,Castelli,27,16355,3544753955733101,tubercolosi
Vincenza,Viviani,41,16873,180030205066425,tubercolosi
Daniele,Malatesta,23,16908,3528711305034885,niente
Cecilia,Cipolla,92,16224,4245104932964,ebola
Martino,Udinesi,52,16996,213116402140807,influenza
Antonia,Praga,30,16422,5203087746232835,covid-19
Maria,Aporti,84,16679,6011366335032768,ebola
Cipriano,Niscoromni,52,16682,30161892549571,polmonite
Ranieri,Marzorati,77,16089,676167699849,niente
Arnaldo,Mercalli,95,16667,4431803486431958,influenza
Orazio,Cicilia,96,16818,376579392780614,tifo
Sandro,Muratori,53,16804,4612503251337007,colera
Beatrice,Trentin,63,16282,2294167432511622,covid-19
Clelia,Pareto,91,16230,4101386256701916,covid-19
Daniele,Spanevello,31,16409,30449355290878,covid-19
Lolita,Piovani,60,16353,3502865261533148,niente
Temistocle,Migliaccio,62,16674,060446369674,influenza
Arsenio,Verri,79,16216,4671208569347,covid-19
Raffaele,Bazzi,42,16840,3511415799564444,polmonite
Eva,Gatto,30,16963,4144507145653153,influenza
Elisa,Serraglio,77,16098,4989344830427,colera
Adelasia,Villadicani,38,16537,4091765002676112,covid-19
Lara,Viola,9,16969,4354194760395941810,ebola
Tina,Bertoni,86,16679,345171711072572,ebola
Gioffre,Andreotti,85,16613,4827469561754725718,tubercolosi
Gianfranco,Cantimori,48,16872,379070621838040,covid-19
Adriano,Combi,50,16496,38176492470103,polmonite
Marina,Fischetti,16,16926,4340824225961,polmonite
Fortunata,Leone,97,16642,213190923090577,malaria
Bernardo,Tornatore,3,16745,5148083413358274,tubercolosi
Alessandro,Buscetta,58,16607,5149802084431857,colera
Baldassare,Impastato,44,16825,30196848389656,colera
Silvia,Taccola,47,16972,3587130060238102,covid-19
Ubaldo,Rienzo,4,16691,180000377584935,niente
Valerio,Brambilla,81,16022,4098769025403317,influenza
Sante,Pirelli,63,16465,6517822686871963,tifo
Gianpaolo,Petralli,27,16541,3584833403446984,covid-19
Ida,Fallaci,12,16867,3532613315983628,tifo
Giorgio,Abatantuono,19,16029,4627571342473779,malaria
Alessio,Dellucci,70,16410,180011077937026,polmonite
Achille,Bulzoni,30,16855,4525421172281,malaria
Vito,Gadda,72,16422,4923224794220667,influenza
Girolamo,Navarria,56,16375,2247824565792068,malaria
Manuel,Papafava,40,16281,3562137885727804,covid-19
Camillo,Ferrazzi,47,16850,6011761732504775,polmonite
Fabio,Cuomo,60,16466,2258453070453093,ebola
Matteo,Paoletti,98,16067,4184907105363,ebola
Lolita,Campise,85,16869,4554204965042,polmonite
Luigi,Pavarotti,52,16437,6579665595692490,ebola
Adriano,Gregorio,7,16860,589611493281,niente
Galasso,Passalacqua,66,16075,2720313156083927,polmonite
Matteo,Navarria,74,16976,4825237213547,colera
Romana,Sforza,96,16709,4398111710874260361,ebola
Giuseppe,Simeoni,44,16062,180008194650433,colera
Beatrice,Stucchi,79,16785,4567080791555062,influenza
Pierina,Rosselli,38,16174,4276575219383,niente
Etta,Panatta,54,16335,6011271314007940,tubercolosi
Santino,Renault,92,16191,4864350838657,malaria
Laureano,Polani,53,16561,4522544094179,polmonite
Lilla,Boccaccio,90,16256,4254991243188369,tubercolosi
Enzio,Nitti,13,16358,4635618135885014,covid-19
Alfredo,Broschi,42,16380,630431473044,niente
Michela,Rossetti,28,16346,4020083382008435,tifo
Rita,Piovani,82,16121,4387138412392378,tifo
Dionigi,Scialpi,48,16121,4602612671951838629,malaria
Griselda,Bianchi,68,16657,4712223235757944,tubercolosi
Simone,Vigorelli,11,16111,180074825007443,influenza
Gilberto,Molesini,37,16583,30352734388639,niente
Cristina,Stradivari,36,16605,6011070928059374,polmonite
Griselda,Grasso,84,16927,36567436389668,influenza
Angelica,Stoppani,47,16746,4908380790254925,influenza
Orazio,Zaguri,6,16835,30302775023272,tifo
Ferdinando,Collodi,24,16048,4890555294531387,colera
Franco,Telesio,34,16808,6597412260584985,influenza
Annetta,Dandolo,9,16203,5270425883179609,colera
Laureano,Bernini,2,16265,374425486147744,covid-19
Mariano,Cabrini,83,16248,639018891916,malaria
Patrizio,Fantozzi,36,16462,6011111764596549,tubercolosi
Sandro,Rossi,45,16449,342956669071912,niente
Azeglio,Praga,92,16674,4108167762977049,niente
Fernanda,Fracci,45,16464,30206190700044,tifo
Lauretta,Emo,24,16102,4726999790724,niente
Loretta,Garozzo,53,16200,4077424723336311,ebola
Vito,Mercati,33,16160,346724187631633,ebola
Liberto,Deledda,8,16143,4306315533274242,malaria
Baldassare,Solari,59,16625,3546508864025884,ebola
Leonardo,Borzomì,53,16709,180091926096570,covid-19
Sonia,Vismara,18,16478,213100311197165,niente
Giuseppina,Contarini,85,16705,4311642759868438,malaria
Veronica,Luzi,5,16079,180017157081353,covid-19
Valentina,Vespa,7,16380,3517270736653956,tubercolosi
Pier,Favata,8,16332,4795227693526704416,polmonite
Adriano,Gagliano,64,16583,3561126686889286,influenza
Riccardo,Fermi,98,16881,4637024616174,ebola
Dario,Sforza,46,16073,213113504052808,niente
Puccio,Brunelleschi,3,16109,4949669699985766,covid-19
Leonardo,Geraci,92,16022,4928281428962951688,niente
Riccardo,Cabibbo,34,16139,343297547826204,tifo
Dario,Morosini,57,16000,4675220240175,influenza
Annalisa,Iannuzzi,7,16618,30196605890839,influenza
Osvaldo,Roncalli,39,16738,36428435056784,tubercolosi
Stefania,Filogamo,49,16515,587494129972,tifo
Loredana,Asmundo,50,16243,3518616695721557,ebola
Rosalia,Folliero,82,16804,5321428740915701,colera
Giosuè,Druso,41,16374,4810584108182036,colera
Pierina,Dibiasi,82,16494,30192354192238,tifo
Arsenio,Fabbri,38,16175,370967091400392,colera
Victoria,Balbi,38,16305,180079824241984,polmonite
Isa,Tedesco,77,16395,4897714221718582,ebola
Roman,Moretti,4,16414,3580124817785769,colera
Gelsomina,Missoni,27,16139,3596941338045411,influenza
Alberico,Murri,15,16454,4395133931518447,colera
Ermenegildo,Foconi,8,16392,30554200879567,covid-19
Berenice,Pininfarina,38,16865,6577000607981339,tifo
Greca,Veltroni,97,16807,4969769992724188,colera
Michele,Bazzi,76,16214,3561707681820499,covid-19
Mauro,Casagrande,68,16339,6574721571825995,polmonite
Giustino,Grasso,53,16926,676227246094,malaria
Alberico,Pozzecco,91,16832,4449256351831991495,influenza
Maura,Collodi,52,16926,3538985688802708,malaria
Roberto,Federico,94,16409,6011464332887340,niente
Enzo,Bottigliero,53,16806,566462494345,malaria
Salvatore,Accardo,61,16525,560881800026,polmonite
Pierluigi,Caboto,35,16210,4527500530808167430,tubercolosi
Lisa,Rizzoli,66,16043,4782097142833060448,ebola
Vanessa,Altera,77,16531,36434057335571,ebola
Franco,Salvo,88,16420,4851896653396989,tubercolosi
Gioffre,Serao,90,16088,4586862895577416,influenza
Annamaria,Paganini,27,16672,4320551957553297,influenza
Giuseppina,Donini,70,16851,36459814311227,malaria
Alberico,Troisi,71,16407,501887344981,tifo
Cirillo,Leone,65,16630,36728954638106,colera
Tiziano,Gramsci,38,16270,060475076661,covid-19
Ermes,Cimarosa,19,16922,2274247053777621,polmonite
Sylvia,Piccio,51,16281,4851018592579407,tifo
Ippazio,Condoleo,88,16836,4091715564642903,tubercolosi
Gianfrancesco,Migliaccio,35,16315,3565603751373194,covid-19
Salvatore,Panzera,52,16210,4395279199834552,polmonite
Ludovica,Ginese,34,16944,4332667026481,malaria
Fiorino,Cossiga,54,16021,630461036182,colera
Fredo,Nibali,13,16727,4406812608792994710,malaria
Vittoria,Napolitano,59,16238,4272496415384141,malaria
Lucrezia,Ariosto,97,16551,2231173234413922,polmonite
Orlando,Gotti,84,16008,3510189034446391,ebola
Gian,Tanzini,7,16363,30042514792346,colera
Angelica,Carli,69,16494,4962974658705623,niente
Vittoria,Verdone,26,16700,30566978890873,ebola
Annalisa,Tozzi,81,16154,503866156006,influenza
Oreste,Tommaseo,81,16974,36453585512246,ebola
Licia,Borrani,15,16799,374114577999698,polmonite
Jolanda,Galvani,88,16014,3530310875192508,colera
Nicolò,Bacosi,47,16679,6011127968536545,colera
Gioele,Greggio,92,16406,3599837450551490,tifo
Piero,Tarchetti,53,16750,3517611067006001,polmonite
Fernanda,Bresciani,10,16032,346239941220342,colera
Annetta,Scandone,57,16359,213154696288974,tifo
Pompeo,Saraceno,43,16903,6516801452516482,malaria
Veronica,Regge,70,16357,2720491584397588,colera
Antonella,Petrocelli,41,16748,180022508446404,covid-19
Ruggero,Accardo,39,16514,3517415027361708,niente
Guido,Lanfranchi,46,16543,3512938488700788,colera
Ferdinando,Travia,57,16990,4176899759039071,covid-19
Tatiana,Squarcione,65,16625,502056350197,tubercolosi
Arnulfo,Leblanc,24,16625,3568651778618130,polmonite
Alessio,Moccia,74,16828,2270584281505422,polmonite
Milo,Gatto,13,16827,213117520846762,ebola
Rosina,Cutuli,56,16315,3567584374766402,tubercolosi
Eleanora,Traetta,30,16004,30405821134728,niente
Valerio,Pontecorvo,25,16941,4306593229100125,tifo
Gino,Cattaneo,46,16397,3532903643222181,tubercolosi
Bartolomeo,Bettoni,69,16585,30521589698140,polmonite
Benito,Terragni,55,16357,376949442010793,tifo
Vanessa,Sbarbaro,29,16007,30420202001180,covid-19
Ippazio,Gianinazzi,32,16264,377542345913103,tubercolosi
Dante,Pertini,29,16466,3554604760325335,niente
Rosalia,Finetti,80,16268,2381190164329975,malaria
Renata,Curiel,72,16823,370542909882105,colera
Sole,Tedesco,31,16040,6503285724975939,niente
Alphons,Bignardi,89,16264,4131083206532889,colera
Baccio,Moneta,90,16980,4871067090505128653,influenza
Severino,Galuppi,76,16778,4105417190136822,niente
Dolores,Goldoni,20,16979,6011583291979788,colera
Teresa,Verdone,53,16800,6011368634892272,malaria
Renata,Romagnoli,73,16510,30598167519112,malaria
Fabia,Satriani,48,16680,6011920871347939,polmonite
Arsenio,Cociarelli,2,16298,4760193842304,malaria
Arnaldo,Vento,93,16963,36119650055748,influenza
Emilio,Piccinni,34,16746,3518562214711994,covid-19
Enzo,Antonacci,39,16435,340613629045229,malaria
Daniele,Cerquiglini,36,16662,3544669112774285,influenza
Antonello,Lercari,94,16070,4046432377877100585,niente
Guido,Soderini,55,16679,344603348531258,niente
Isabella,Nicolini,85,16234,213168994325957,ebola
Anita,Lattuada,65,16873,501850690220,ebola
Costantino,Bignardi,91,16223,213125083284917,influenza
Coriolano,Pietrangeli,82,16341,3549024122122692,influenza
Raffaella,Sagnelli,74,16986,213102413270494,malaria
Coluccio,Marino,62,16136,4203835156411,influenza
Antonino,Frescobaldi,67,16183,4291607492609807,influenza
Tullio,Storladi,88,16758,4486057839639619,malaria
Silvestro,Pascarella,41,16427,6011758964404153,niente
Armando,Mercati,35,16469,3505773719069433,niente
Ilaria,Tosto,49,16676,2712227726275815,niente
Gustavo,Garrone,15,16955,6011278004826331,covid-19
Adelmo,Fantini,94,16473,4063518420532480,polmonite
Adelasia,Stucchi,3,16142,180059252428253,tubercolosi
Concetta,Sansoni,85,16758,2504931813889816,polmonite
Raimondo,Soprano,20,16719,213190206234959,influenza
Vittorio,Sforza,60,16445,4467059228024349,tubercolosi
Lucrezia,Ricci,75,16320,4043445904895,ebola
Sergius,Gentili,35,16342,4437048524331422,polmonite
Santino,Piacentini,72,16378,4296141924913733656,niente
Ciro,Gualandi,37,16647,4998926845967804865,polmonite
Giuliana,Bettin,3,16714,4631544075649,malaria
Ricciotti,Pasolini,89,16229,4893008455106450796,tubercolosi
Raffaello,Muti,37,16532,5139733963357727,covid-19
Gianfranco,Ungaretti,91,16009,4446418136758545,colera
Gaspare,Mazzanti,42,16365,180065012569716,ebola
Alfredo,Tarantino,22,16051,4092379510894824014,ebola
Luciano,Coardi,35,16508,5231531778855795,tifo
Serena,Zaccagnini,33,16645,180084423598644,ebola
Francesco,Crisafulli,12,16478,6531214894162686,niente
Piersanti,Pisaroni,97,16194,4689164345834707181,tifo
Filippo,Rismondo,42,16287,4397993025497370,niente
Jacopo,Trebbi,50,16844,4555245042485,ebola
Morena,Spallanzani,13,16612,4333656586754953,ebola
Antonella,Pepe,47,16088,2560894420853123,colera
Dario,Lupo,36,16301,3579782407255809,tubercolosi
Amanda,Cainero,55,16131,5169313427949022,malaria
Adelmo,Gaiatto,20,16247,180031771590111,ebola
Pasqual,Ferretti,80,16794,4257258434875916,tifo
Martino,Gasperi,82,16077,30195481418194,niente
Luca,Pontecorvo,29,16821,2630524072766036,colera
Olga,Pennetta,36,16940,6563121930636857,polmonite
Cipriano,Mantegazza,6,16044,4340868557709,tubercolosi
Etta,Ossani,68,16666,502031786986,tifo
Orlando,Pincherle,33,16265,2296268401682374,covid-19
Elladio,Anguissola,51,16521,4185440763238,influenza
Marcella,Bragadin,95,16616,180057520433733,ebola
Renzo,Proietti,83,16437,6504895881210091,tubercolosi
Lorenzo,Anguillara,29,16300,4504779292911437,malaria
Laureano,Durante,5,16040,346142359331249,tubercolosi
Claudia,Ammaniti,89,16288,4199577987920140180,colera
Rosaria,Boiardo,37,16887,4157213890019,tifo
Germana,Polesel,38,16941,4704462684590832,influenza
Orlando,Toscanini,10,16320,213188397616158,tifo
Maurilio,Ziani,35,16972,3534333290126873,polmonite
Pierangelo,Gigli,75,16125,2225822672426410,influenza
Arturo,Moschino,54,16722,4364298224707739,tifo
Ivan,Bazzi,33,16586,4192328653150,niente
Tonino,Tresoldi,46,16321,2286131759285277,malaria
Rodolfo,Baracca,39,16984,503871867639,colera
Orazio,Mercantini,28,16364,180067918750739,tubercolosi
Berenice,Contarini,2,16915,3507341992086454,niente
Gionata,Soprano,83,16497,3598934055273652,covid-19
Eleanora,Vercelloni,43,16972,3566886139153771,colera
Alphons,Cibin,83,16773,676357815924,tubercolosi
Tiziano,Gradenigo,68,16722,180027132001897,polmonite
Donatello,Molesini,66,16258,180022107054997,niente
Camillo,Travaglio,70,16142,3568250148582702,covid-19
Serena,Mimun,79,16478,6507241619541274,tubercolosi
Maria,Cutuli,5,16201,4460629235688846133,tifo
Marissa,Palumbo,48,16646,3584625081603203,malaria
Roberto,Maderna,67,16695,2714366299211530,tifo
Mercedes,Giunti,11,16509,30122527325134,malaria
Marcantonio,Toscanini,62,16009,4376614480966668,covid-19
Valerio,Fantini,25,16323,4377601709240859,tubercolosi
Vincenzo,Tomaselli,15,16233,3516983378760944,malaria
Arnaldo,Sordi,54,16224,180079142516976,influenza
Romolo,Monaco,32,16505,676242269998,ebola
Arsenio,Squarcione,92,16246,6595990568929368,polmonite
Emma,Vecellio,13,16580,4168925538666551,polmonite
Santino,Broggini,90,16112,4088956592340114801,influenza
Annunziata,Corradi,67,16566,375644754115352,malaria
Gustavo,Agostini,75,16805,2424615689490901,influenza
Fiorenzo,Curci,34,16915,213176548634436,tifo
Gianpietro,Troisi,46,16088,6011205535437155,influenza
Riccardo,Majorana,31,16246,346331711422933,niente
Raffaella,Gaito,4,16093,3546035136804755,covid-19
Piergiuseppe,Magrassi,77,16063,376788450543521,ebola
Giulietta,Brancaccio,9,16722,6501095655119783,malaria
Corrado,Redi,76,16523,6540846907396808,polmonite
Flora,Segni,60,16825,30505166198434,tifo
Donna,Ferrazzi,22,16550,6594709219508756,colera
Maura,Salvemini,31,16377,36008029639342,covid-19
Erika,Ruggieri,47,16758,3550536804639863,colera
Ornella,Bettin,36,16825,4375038125176396573,ebola
Serafina,Finotto,9,16553,372402812343729,tifo
Federica,Trincavelli,51,16098,30236829921471,colera
Goffredo,Palumbo,23,16741,502081872207,polmonite
Ciro,Tamburi,20,16099,3528733078148981,tubercolosi
Roberta,Comolli,13,16101,371753330633079,polmonite
Gioachino,Calbo,82,16305,4843990255486610,tifo
Antonietta,Bandello,54,16997,4220757797876001,covid-19
Luchino,Russo,7,16299,4249056696255267392,influenza
Graziano,Argentero,61,16096,3508076468510293,polmonite
Oreste,Barzini,33,16903,4085915997109310688,polmonite
Osvaldo,Spallanzani,81,16731,4980219531548076991,tubercolosi
Alfio,Redi,24,16979,4859737205313274,tifo
Lucia,Crispi,76,16294,4469349185407153198,tifo
Durante,Battaglia,4,16321,4210883269297096,malaria
Allegra,Depero,69,16525,30088849797039,malaria
Sebastiano,Ajello,79,16546,4131307678307870,tubercolosi
Daria,Maccanelli,76,16423,6011145570955994,niente
Lina,Boitani,80,16787,2353340052750170,tifo
Guido,Zaccardo,94,16676,213111778708469,influenza
Serafina,Comeriato,65,16485,4721655520023871,malaria
Fiorino,Ottino,51,16745,6599355922646957,covid-19
Etta,Maglio,53,16149,4188855648503897,tifo
Eugenia,Taliercio,40,16270,4730892879604279,polmonite
Alina,Aulenti,66,16120,4588744868771168,niente
Monica,Liverotti,45,16400,4913709265307011,niente
Isabella,Mastroianni,35,16318,4489528233840794,ebola
Roman,Palladio,34,16362,639009855334,ebola
Germana,Vento,25,16322,4404095235097023,malaria
Giosuè,Tomei,49,16575,3599514900782484,tifo
Rembrandt,Ramazzotti,75,16622,3559594467815933,ebola
Piero,Galvani,93,16515,4615484131481280,niente
Pierangelo,Casale,2,16562,348322802776707,niente
Alderano,Molesini,83,16123,4061791943833030,niente
Dionigi,Bandello,22,16829,30178143980025,tubercolosi
Adelmo,Salgari,23,16906,3501482561135268,malaria
Sonia,Cundari,80,16536,4362065004373010267,niente
Virginia,Broschi,92,16726,4641032350827507,ebola
Angelina,Staglieno,65,16455,3513677204230295,niente
Telemaco,Argenti,29,16989,3558118956065742,tubercolosi
Arnaldo,Zacco,70,16516,3515423404404515,tubercolosi
Tiziano,Salieri,26,16363,2683611505831226,ebola
Tullio,Cugia,51,16026,4514219003640994627,tubercolosi
Etta,Juvara,39,16976,213165624605931,tifo
Marissa,Barbarigo,65,16095,30483604601502,polmonite
Enzo,Emo,18,16201,501864806374,covid-19
Sole,Branciforte,98,16944,4374647380021568365,polmonite
Stefania,Barillaro,40,16306,4796562492537,tubercolosi
Carmelo,Chindamo,29,16109,4492404833431,niente
Greco,Rosmini,52,16867,4198644955273072,malaria
Gioffre,Buscetta,98,16953,3518016874568764,covid-19
Alessandra,Bignardi,26,16736,676246205063,malaria
Matilda,Vendetti,1,16284,213152960591420,covid-19
Eraldo,Prada,87,16691,6544896028938828,tubercolosi
Nedda,Trebbi,47,16627,2260132692456751,colera
Zaira,Garozzo,36,16740,3553919251800856,polmonite
Temistocle,Onio,73,16715,4959291422261428,niente
Raffaellino,Agostinelli,98,16806,3510118890246298,colera
Alessandra,Ginese,42,16398,6011911724258142,colera
Pierpaolo,Battisti,96,16306,4829013412120184,influenza
Giacinto,Boito,31,16991,344062719051471,tifo
Tiziano,Panicucci,44,16998,180069530797916,polmonite
Bruno,Burcardo,26,16228,2535938263562705,influenza
Giulio,Pratesi,55,16540,503838269564,malaria
Lucia,Fabrizi,30,16310,6011352061750641,tubercolosi
Arnulfo,Vanvitelli,95,16254,4938347317505372,influenza
Aldo,Cardano,95,16214,3504661918318365,polmonite
Amalia,Grisoni,49,16192,3598651678091028,ebola
Serena,Vianello,64,16102,2601035907255983,colera
Valeria,Bonanno,1,16109,349627131516684,colera
Piero,Zoppetti,51,16963,6518205917039189,malaria
Giulia,Maffei,35,16085,38713510385127,tifo
Piergiuseppe,Leone,48,16725,213170707707885,ebola
Tullio,Zamengo,71,16405,213199906694479,tifo
Domenico,Einaudi,62,16031,4693595804126616,tubercolosi
Pasquale,Ortolani,17,16253,180029179820379,malaria
Riccardo,Falier,17,16828,2719759718797227,niente
Leone,Fieramosca,42,16617,4166626410392041,ebola
Sophia,Iannuzzi,14,16279,375455607921270,colera
Evangelista,Piane,85,16998,3557050206969087,malaria
Marcello,Sagnelli,34,16207,6011316774863751,ebola
Fiorino,Luxardo,17,16676,30035793635665,colera
Baccio,Tomasetti,42,16900,4146164077968536,malaria
Galasso,Santoro,37,16879,4417831377373151,influenza
Virginia,Depero,19,16563,2416950658403852,covid-19
Achille,Monaco,76,16793,4293698615546,polmonite
Piermaria,Rubbia,62,16191,30093237642193,covid-19
Martino,Trevisani,53,16300,30455988886636,colera
Lorenzo,Proietti,90,16339,3500669454758229,influenza
Margherita,Montanariello,4,16254,30104246402428,polmonite
Luigina,Bonolis,66,16222,3530180305571153,ebola
Giacinto,Gaito,36,16626,371062983453243,covid-19
Pier,Baggio,75,16515,6011319028100863,ebola
Dolores,Opizzi,54,16268,4354061832854886644,polmonite
Bartolomeo,Scarpetta,42,16299,3534973305495837,ebola
Ermanno,Travaglia,31,16610,4546737752643628963,niente
Filippa,Perini,88,16117,4943325969126,malaria
Ricciotti,Berengario,31,16940,503847671594,covid-19
Ermanno,Traetta,65,16657,4368809016865,influenza
Calcedonio,Ruggieri,60,16348,30347579448209,ebola
Gioele,Cuomo,66,16470,4401348857697544,colera
Milena,Pucci,64,16769,378966930529603,niente
Lando,Napolitano,82,16491,30366140078055,colera
Fabio,Volterra,31,16862,3577006575987049,tubercolosi
Concetta,Platini,51,16988,4017637172537,covid-19
Elladio,Sobrero,87,16927,4959242745316,ebola
Rolando,Tirabassi,83,16343,349136478345640,ebola
Rodolfo,Donini,65,16008,3585362833492722,influenza
Bartolomeo,Fracci,26,16632,4248943161258,malaria
Pier,Argento,9,16789,3593280524079964,tubercolosi
Germana,Angeli,49,16830,4109336210262127,tubercolosi
Letizia,Rismondo,23,16246,6011189161898239,niente
Stefano,Ciani,43,16172,4553112526099367,polmonite
Nanni,Ciampi,45,16983,4046269479019071647,colera
Damiano,Tarantini,39,16658,344326034542260,polmonite
Greca,Anguillara,34,16077,4313385657992030135,polmonite
Rosalia,Broggini,47,16458,2236340496565476,influenza
Luigi,Gagliano,86,16513,4226897725844483,influenza
Osvaldo,Cortese,37,16053,4185057316866416,niente
Lauretta,Falier,48,16534,36895458346088,tifo
Ida,Malacarne,12,16199,4062737173845,ebola
Antonina,Bevilacqua,27,16759,4834013153448,polmonite
Francesco,Puglisi,5,16232,379974412490707,polmonite
Gianpaolo,Gemito,45,16077,342320309358330,ebola
Tiziano,Camiscione,23,16115,3521953354694337,polmonite
Eliana,Comboni,82,16647,343684204327123,niente
Romana,Serlupi,9,16989,3524397833317622,polmonite
Giorgia,Mattarella,24,16291,6011317323959595,ebola
Ferdinando,Tresoldi,66,16922,4194032482447,influenza
Torquato,Comboni,97,16986,30364031937885,malaria
Maria,Fittipaldi,33,16421,3531517342757296,polmonite
Pierluigi,Barese,94,16393,4822179196090724,tifo
Mario,Fracci,95,16401,6514528173429040,polmonite
Rossana,Pertini,30,16693,2720304569007314,malaria
Stefano,Porzio,74,16302,3569637638918116,covid-19
Rosina,Foa,46,16615,377542342779754,influenza
Annunziata,Soranzo,19,16304,6011963969360281,covid-19
Gloria,Doglioni,88,16478,180040500973530,niente
Martina,Lovato,23,16021,6011583922345383,covid-19
Ludovico,Pacetti,15,16285,3520557323642516,malaria
Durante,Guidone,79,16970,348675101346518,tubercolosi
Vincenza,Peano,73,16816,4858062272737763,influenza
Nadia,Gentili,35,16733,373195484042699,tifo
Adele,Pirelli,40,16368,213116795954525,influenza
Tatiana,Emanuelli,21,16194,4064332791128996,colera
Michele,Nugnes,98,16605,5435977271405329,covid-19
Rosa,Zampa,6,16619,30544441217735,polmonite
Carmelo,Scaramucci,30,16047,213104626173739,ebola
Ruggiero,Moccia,8,16433,213154496275189,ebola
Elisa,Necci,32,16814,4791388220873,ebola
Durante,Mantegna,2,16392,4078592641826054659,ebola
Loretta,Ostinelli,57,16247,6011903990088675,niente
Costanzo,Giannone,52,16295,30494748052692,tifo
Nico,Norbiato,62,16292,4780413606009799063,tubercolosi
Gianna,Scarpa,51,16126,2233657509373058,malaria
Lucia,Manzoni,54,16549,213104128301184,colera
Ubaldo,Barese,63,16303,6011805584731497,influenza
Sante,Ponti,53,16857,30067259678251,influenza
Ermes,Bianchi,98,16515,30232686671341,tubercolosi
Stefani,Anguissola,95,16093,562159555969,covid-19
Rosario,Vento,92,16412,30371853935053,colera
Orlando,Gremese,20,16399,374701153468658,malaria
Niccolò,Sibilia,44,16291,4002762581786972,influenza
Luigi,Nordio,63,16087,6011270817158937,ebola
Daria,Cerutti,92,16337,6510820705191352,colera
Mattia,Pavarotti,47,16068,5386493594649519,colera
Agnolo,Bignardi,20,16651,4553952446128071,influenza
Agnolo,Ravaglioli,25,16064,4933299824494761,tifo
Mattia,Golgi,45,16551,4112945875432265,ebola
Adamo,Sauli,70,16783,3524992696165736,ebola
Tatiana,Stein,68,16701,4833005104763085,polmonite
Veronica,Contrafatto,70,16617,2284203419762474,covid-19
Rembrandt,Piccio,92,16607,675987705422,influenza
Ermes,Argento,61,16657,3511556565305510,influenza
Zaira,Pedroni,87,16957,501884149268,niente
Dino,Caruso,97,16568,3529191453682604,influenza
